Supplement-1,SUPPLIER A,Omega 3 Double Strength 60's,R 313.00,R 356.82,10,28,,,,,,
Supplement-6,SUPPLIER A,Skin Formula 60's,R 259.00,R 295.26,5,36,,,,,,
Supplement-9,SUPPLIER A,Krill Oil 30's,R 326.00,R 371.64,8,33,,,,,,
Supplement-21,SUPPLIER A,Anti-Anxiety tables 30's,R 263.00,R 299.82,6,17,,,,,,
Supplement-26,SUPPLIER A,Burnout Support 60's,R 248.00,R 282.72,6,17,,,,,,
Supplement-27,SUPPLIER A,Natural Antibiotics 120's,R 205.00,R 233.70,3,8,,,,,,
Supplement-30,SUPPLIER A,Anti-Cholesterol 60's,R 298.00,R 339.72,7,28,,,,,,
Supplement-33,SUPPLIER A,Natural Probiotic 120's,R 217.00,R 247.38,1,23,,,,,,
Supplement-34,SUPPLIER A,Collagen Complex 60's,R 257.00,R 292.98,6,3,,,,,,
Supplement-35,SUPPLIER A,Anti-inflammatory control 120's,140,R 159.60,10,4,,,,,,
Supplement-36,SUPPLIER A,Appetite control 60's,R 237.00,R 270.18,6,23,,,,,,
Supplement-43,SUPPLIER A,Women Adult 60's,R 199.00,R 226.86,5,5,,,,,,
Supplement-44,SUPPLIER A,Women Adult 50+ 60's,R 222.00,R 253.08,5,24,,,,,,
Supplement-49,SUPPLIER A,Women Adult 70+ 60's,R 232.00,R 264.48,10,38,,,,,,
Supplement-71,SUPPLIER A,Men Adult 60's,R 310.00,R 353.40,5,3,,,,,,
Supplement-72,SUPPLIER A,Men Adult 50+ 60's,R 224.00,R 255.36,1,17,,,,,,
Supplement-74,SUPPLIER A,Vitamin K2 30's,R 234.00,R 266.76,1,15,,,,,,
Supplement-77,SUPPLIER A,Garcinia Tablets 60's,R 220.00,R 250.80,1,49,,,,,,
Supplement-83,SUPPLIER A,Calmag 120's,R 259.00,R 295.26,1,40,,,,,,
Supplement-85,SUPPLIER A,Chromium 90's,R 223.00,R 254.22,6,31,,,,,,
Supplement-86,SUPPLIER A,Iron Plus 30's,R 177.00,R 201.78,1,45,,,,,,
Supplement-87,SUPPLIER A,Vitamin D3 60's,R 137.00,R 156.18,5,48,,,,,,
Supplement-91,SUPPLIER A,Curcumin 30's,R 230.00,R 262.20,6,3,,,,,,
Supplement-94,SUPPLIER A,Milk Thistle Extract 90's,R 221.00,R 251.94,6,36,,,,,,
Supplement-95,SUPPLIER A,Natural memory support 60's,R 181.00,R 206.34,8,13,,,,,,
Supplement-96,SUPPLIER G,Calmag 120 x 600mg,R 176.00,R 200.64,10,6,,,,,,
Supplement-97,SUPPLIER G,Calcium Glycinate 60's,R 201.00,R 229.14,4,30,,,,,,
Supplement-99,SUPPLIER G,Chromium Polynicotinate 90 x 100mg,R 185.00,R 210.90,7,22,,,,,,
Supplement-101,SUPPLIER G,Curcumin 60s,R 237.00,R 270.18,6,10,,,,,,
Supplement-102,SUPPLIER G,Vitamin C,R 199.00,R 226.86,1,33,,,,,,
Supplement-104,SUPPLIER G,Vitamin Double C,R 363.00,R 413.82,2,5,,,,,,
Supplement-106,SUPPLIER G,Folic Acid 60's,R 266.00,R 303.24,3,26,,,,,,
Supplement-107,SUPPLIER G,Ginkgo Biloba Extract 30 x 200mg,R 266.00,R 303.24,9,6,,,,,,
Supplement-114,SUPPLIER G,Glucose,R 221.00,R 251.94,8,50,,,,,,
Supplement-115,SUPPLIER G,Green tea extract 60's,R 371.00,R 422.94,10,44,,,,,,
Supplement-121,SUPPLIER G,Natural sleep formula 120's,R 270.00,R 307.80,1,42,,,,,,
Supplement-122,SUPPLIER G,Homocysteine lowering support 60's,R 233.00,R 265.62,5,46,,,,,,
Supplement-124,SUPPLIER G,Hormone balance 120's,R 255.00,R 290.70,8,5,,,,,,
Supplement-128,SUPPLIER G,Inflammation and pain support 120's,R 199.00,R 226.86,1,47,,,,,,
Supplement-129,SUPPLIER G,Iron Plus 30's,R 240.00,R 273.60,5,47,,,,,,
Supplement-130,SUPPLIER G,Krill Oil Omega 3 60's,R 186.00,R 212.04,4,35,,,,,,
Supplement-132,SUPPLIER H,Cellfood 30ml,R 292.00,R 332.88,7,16,,,,,,
Supplement-135,SUPPLIER H,Women Adult 90's,R 170.00,R 193.80,2,10,,,,,,
Supplement-136,SUPPLIER H,Women 60+ 90's,R 207.00,R 235.98,5,17,,,,,,
Supplement-137,SUPPLIER H,Men Adult 90's,R 189.00,R 215.46,1,17,,,,,,
Supplement-138,SUPPLIER H,Men 60+ 90's,R 271.00,R 308.94,3,26,,,,,,
Supplement-139,SUPPLIER H,Children 120's,R 127.00,R 144.78,10,32,,,,,,
Supplement-142,SUPPLIER H,Women Teens 120's,R 148.00,R 168.72,2,18,,,,,,
Supplement-145,SUPPLIER H,Men Teens 120's,R 222.00,R 253.08,4,40,,,,,,
Supplement-151,SUPPLIER H,Babies 60's,R 228.29,R 260.25,9,4,,,,,,
Supplement-154,SUPPLIER H,Airmune Effervescent,R 304.00,R 346.56,3,19,,,,,,
Supplement-155,SUPPLIER H,Breather Inhaler,R 148.00,R 168.72,3,7,,,,,,
Supplement-156,SUPPLIER H,Ozone Healing Gel,R 179.00,R 204.06,3,31,,,,,,
Supplement-165,SUPPLIER H,Honey scrub,R 271.00,R 308.94,9,49,,,,,,
Supplement-169,SUPPLIER H,Coffee scrub,R 222.00,R 253.08,6,33,,,,,,
Supplement-171,SUPPLIER H,Aloe Vera scrub,R 382.00,R 435.48,5,25,,,,,,
Supplement-174,SUPPLIER H,Olive healing gel,R 306.00,R 348.84,4,42,,,,,,
Supplement-179,SUPPLIER H,Stress relief 120's,R 290.00,R 330.60,8,23,,,,,,
Supplement-180,SUPPLIER H,Appetite control chewies 40's,R 179.00,R 204.06,6,4,,,,,,
Supplement-181,SUPPLIER I,Omega 3 Double Strength 60's,R 211.00,R 240.54,7,27,,,,,,
Supplement-183,SUPPLIER I,Skin Formula 60's,R 266.00,R 303.24,9,29,,,,,,
Supplement-184,SUPPLIER I,Krill Oil 30's,R 317.00,R 361.38,2,19,,,,,,
Supplement-185,SUPPLIER I,Anti-Anxiety tables 30's,R 184.00,R 209.76,6,20,,,,,,
Supplement-190,SUPPLIER I,Burnout Support 60's,R 266.00,R 303.24,1,31,,,,,,
Supplement-191,SUPPLIER I,Natural Antibiotics 120's,R 296.00,R 337.44,1,25,,,,,,
Supplement-194,SUPPLIER I,Anti-Cholesterol 60's,R 241.00,R 274.74,4,15,,,,,,
Supplement-195,SUPPLIER I,Natural Probiotic 120's,R 271.00,R 308.94,10,7,,,,,,
Supplement-196,SUPPLIER I,Collagen Complex 60's,R 299.00,R 340.86,8,14,,,,,,
Supplement-197,SUPPLIER I,Anti-inflammatory control 120's,R 274.00,R 312.36,2,5,,,,,,
Supplement-198,SUPPLIER I,Appetite control 60's,R 202.00,R 230.28,4,37,,,,,,
Supplement-199,SUPPLIER I,Women Adult 60's,R 267.00,R 304.38,1,26,,,,,,
Supplement-200,SUPPLIER I,Women Adult 50+ 60's,R 242.00,R 275.88,5,12,,,,,,
Supplement-201,SUPPLIER I,Women Adult 70+ 60's,R 244.00,R 278.16,4,45,,,,,,
Supplement-202,SUPPLIER I,Men Adult 60's,R 210.00,R 239.40,10,46,,,,,,
Supplement-203,SUPPLIER I,Men Adult 50+ 60's,R 342.00,R 389.88,6,29,,,,,,
Supplement-204,SUPPLIER I,Vitamin K2 30's,R 305.00,R 347.70,6,25,,,,,,
Supplement-205,SUPPLIER I,Garcinia Tablets 60's,R 268.00,R 305.52,7,10,,,,,,
Supplement-206,SUPPLIER I,Calmag 120's,R 291.00,R 331.74,6,15,,,,,,
Supplement-208,SUPPLIER I,Chromium 90's,R 252.00,R 287.28,9,35,,,,,,
Supplement-212,SUPPLIER I,Iron Plus 30's,R 264.00,R 300.96,9,28,,,,,,
Supplement-213,SUPPLIER I,Vitamin D3 60's,R 228.00,R 259.92,9,35,,,,,,
Supplement-215,SUPPLIER I,Curcumin 30's,R 248.00,R 282.72,10,20,,,,,,
Supplement-217,SUPPLIER I,Milk Thistle Extract 90's,R 329.00,R 375.06,8,5,,,,,,
Supplement-219,SUPPLIER I,Natural memory support 60's,R 215.00,R 245.10,9,23,,,,,,
Supplement-230,SUPPLIER I,Calmag 120 x 600mg,R 216.00,R 246.24,7,8,,,,,,
Supplement-231,SUPPLIER I,Calcium Glycinate 60's,R 328.00,R 373.92,7,46,,,,,,
Supplement-232,SUPPLIER I,Chromium Polynicotinate 90 x 100mg,R 295.00,R 336.30,2,8,,,,,,
Supplement-233,SUPPLIER I,Curcumin 60s,R 237.71,R 270.99,9,15,,,,,,
Supplement-234,SUPPLIER I,Vitamin C,R 270.00,R 307.80,10,48,,,,,,
Supplement-236,SUPPLIER I,Vitamin Double C,R 205.00,R 233.70,7,32,,,,,,
Supplement-237,SUPPLIER I,Folic Acid 60's,R 186.00,R 212.04,5,44,,,,,,
Supplement-238,SUPPLIER I,Ginkgo Biloba Extract 30 x 200mg,R 211.00,R 240.54,3,34,,,,,,
Supplement-241,SUPPLIER I,Glucose,R 238.00,R 271.32,1,46,,,,,,
Supplement-242,SUPPLIER I,Green tea extract 60's,R 269.00,R 306.66,4,5,,,,,,
Supplement-243,SUPPLIER I,Natural sleep formula 120's,R 154.00,R 175.56,2,19,,,,,,
Supplement-2,SUPPLIER B,Homocysteine lowering support 60's,R 215.00,R 245.10,1,41,,,,,,
Supplement-4,SUPPLIER B,Hormone balance 120's,R 222.00,R 253.08,10,13,,,,,,
Supplement-5,SUPPLIER B,Inflammation and pain support 120's,R 201.00,R 229.14,8,1,,,,,,
Supplement-8,SUPPLIER B,Iron Plus 30's,R 171.00,R 194.94,1,27,,,,,,
Supplement-18,SUPPLIER B,Krill Oil Omega 3 60's,R 153.00,R 174.42,3,38,,,,,,
Supplement-19,SUPPLIER B,Cellfood 30ml,R 107.00,R 121.98,4,40,,,,,,
Supplement-20,SUPPLIER B,Women Adult 90's,R 173.00,R 197.22,4,18,,,,,,
Supplement-22,SUPPLIER B,Women 60+ 90's,R 163.00,R 185.82,6,36,,,,,,
Supplement-23,SUPPLIER B,Men Adult 90's,R 500.00,R 570.00,9,29,,,,,,
Supplement-25,SUPPLIER B,Men 60+ 90's,R 275.00,R 313.50,7,35,,,,,,
Supplement-29,SUPPLIER B,Children 120's,R 210.00,R 239.40,9,33,,,,,,
Supplement-32,SUPPLIER B,Women Teens 120's,R 203.00,R 231.42,5,22,,,,,,
Supplement-38,SUPPLIER B,Men Teens 120's,R 194.00,R 221.16,6,9,,,,,,
Supplement-39,SUPPLIER B,Babies 60's,R 232.00,R 264.48,1,35,,,,,,
Supplement-42,SUPPLIER B,Airmune Effervescent,R 355.00,R 404.70,10,17,,,,,,
Supplement-45,SUPPLIER B,Breather Inhaler,R 125.00,R 142.50,9,2,,,,,,
Supplement-46,SUPPLIER B,Ozone Healing Gel,R 174.00,R 198.36,10,3,,,,,,
Supplement-48,SUPPLIER B,Honey scrub,R 261.00,R 297.54,2,6,,,,,,
Supplement-60,SUPPLIER B,Coffee scrub,R 202.00,R 230.28,10,19,,,,,,
Supplement-63,SUPPLIER B,Aloe Vera scrub,R 143.00,R 163.02,3,26,,,,,,
Supplement-64,SUPPLIER B,Olive healing gel,R 141.00,R 160.74,4,6,,,,,,
Supplement-65,SUPPLIER B,Stress relief 120's,R 160.00,R 182.40,2,8,,,,,,
Supplement-66,SUPPLIER B,Appetite control chewies 40's,R 142.00,R 161.88,2,1,,,,,,
Supplement-67,SUPPLIER B,Omega 3 Double Strength 60's,R 104.00,R 118.56,9,39,,,,,,
Supplement-68,SUPPLIER B,Skin Formula 60's,R 211.00,R 240.54,2,18,,,,,,
Supplement-69,SUPPLIER B,Krill Oil 30's,R 162.00,R 184.68,1,48,,,,,,
Supplement-70,SUPPLIER B,Anti-Anxiety tables 30's,R 184.00,R 209.76,2,26,,,,,,
Supplement-75,SUPPLIER B,Burnout Support 60's,R 197.00,R 224.58,6,22,,,,,,
Supplement-76,SUPPLIER B,Natural Antibiotics 120's,R 275.00,R 313.50,2,8,,,,,,
Supplement-78,SUPPLIER B,Anti-Cholesterol 60's,R 223.00,R 254.22,10,49,,,,,,
Supplement-79,SUPPLIER B,Natural Probiotic 120's,R 172.00,R 196.08,3,39,,,,,,
Supplement-80,SUPPLIER B,Collagen Complex 60's,R 258.00,R 294.12,4,36,,,,,,
Supplement-81,SUPPLIER B,Anti-inflammatory control 120's,R 287.00,R 327.18,5,43,,,,,,
Supplement-82,SUPPLIER B,Appetite control 60's,R 169.00,R 192.66,10,7,,,,,,
Supplement-84,SUPPLIER B,Women Adult 60's,R 142.00,R 161.88,6,6,,,,,,
Supplement-90,SUPPLIER B,Women Adult 50+ 60's,R 159.00,R 181.26,4,19,,,,,,
Supplement-92,SUPPLIER B,Women Adult 70+ 60's,R 232.00,R 264.48,4,20,,,,,,
Supplement-98,SUPPLIER B,Men Adult 60's,R 191.00,R 217.74,7,49,,,,,,
Supplement-105,SUPPLIER B,Men Adult 50+ 60's,R 271.00,R 308.94,2,39,,,,,,
Supplement-108,SUPPLIER B,Vitamin K2 30's,R 273.00,R 311.22,6,1,,,,,,
Supplement-110,SUPPLIER B,Garcinia Tablets 60's,R 213.00,R 242.82,7,45,,,,,,
Supplement-118,SUPPLIER B,Calmag 120's,R 167.00,R 190.38,7,6,,,,,,
Supplement-123,SUPPLIER B,Chromium 90's,R 292.00,R 332.88,1,15,,,,,,
Supplement-125,SUPPLIER B,Iron Plus 30's,R 145.00,R 165.30,10,25,,,,,,
Supplement-127,SUPPLIER B,Vitamin D3 60's,R 171.00,R 194.94,9,18,,,,,,
Supplement-131,SUPPLIER B,Curcumin 30's,R 270.00,R 307.80,3,40,,,,,,
Supplement-143,SUPPLIER B,Milk Thistle Extract 90's,R 166.00,R 189.24,10,5,,,,,,
Supplement-144,SUPPLIER B,Natural memory support 60's,R 170.00,R 193.80,8,11,,,,,,
Supplement-146,SUPPLIER B,Calmag 120 x 600mg,R 220.00,R 250.80,9,21,,,,,,
Supplement-149,SUPPLIER B,Calcium Glycinate 60's,R 218.00,R 248.52,8,48,,,,,,
Supplement-150,SUPPLIER B,Chromium Polynicotinate 90 x 100mg,R 325.00,R 370.50,3,49,,,,,,
Supplement-152,SUPPLIER B,Curcumin 60s,R 229.00,R 261.06,7,45,,,,,,
Supplement-153,SUPPLIER B,Vitamin C,R 196.00,R 223.44,5,3,,,,,,
Supplement-157,SUPPLIER B,Vitamin Double C,R 239.00,R 272.46,8,28,,,,,,
Supplement-158,SUPPLIER B,Folic Acid 60's,R 166.50,R 189.81,3,10,,,,,,
Supplement-159,SUPPLIER B,Ginkgo Biloba Extract 30 x 200mg,R 223.00,R 254.22,2,48,,,,,,
Supplement-161,SUPPLIER B,Glucose,R 199.00,R 226.86,8,20,,,,,,
Supplement-163,SUPPLIER B,Green tea extract 60's,R 155.00,R 176.70,10,43,,,,,,
Supplement-164,SUPPLIER B,Natural sleep formula 120's,R 254.00,R 289.56,8,24,,,,,,
Supplement-166,SUPPLIER B,Homocysteine lowering support 60's,R 179.00,R 204.06,6,42,,,,,,
Supplement-167,SUPPLIER B,Hormone balance 120's,R 194.00,R 221.16,1,35,,,,,,
Supplement-170,SUPPLIER B,Inflammation and pain support 120's,R 221.00,R 251.94,3,21,,,,,,
Supplement-172,SUPPLIER B,Iron Plus 30's,R 185.00,R 210.90,6,12,,,,,,
Supplement-173,SUPPLIER B,Krill Oil Omega 3 60's,R 283.00,R 322.62,5,5,,,,,,
Supplement-175,SUPPLIER B,Cellfood 30ml,R 282.00,R 321.48,8,18,,,,,,
Supplement-176,SUPPLIER B,Women Adult 90's,R 179.00,R 204.06,1,11,,,,,,
Supplement-177,SUPPLIER B,Women 60+ 90's,R 217.00,R 247.38,2,28,,,,,,
Supplement-178,SUPPLIER B,Men Adult 90's,R 217.33,R 247.76,7,20,,,,,,
Supplement-182,SUPPLIER B,Men 60+ 90's,R 239.00,R 272.46,2,6,,,,,,
Supplement-186,SUPPLIER B,Children 120's,R 229.00,R 261.06,5,4,,,,,,
Supplement-187,SUPPLIER B,Women Teens 120's,R 168.00,R 191.52,7,42,,,,,,
Supplement-189,SUPPLIER B,Men Teens 120's,R 140.00,R 159.60,4,42,,,,,,
Supplement-192,SUPPLIER B,Babies 60's,R 232.00,R 264.48,7,24,,,,,,
Supplement-209,SUPPLIER B,Airmune Effervescent,R 180.00,R 205.20,5,21,,,,,,
Supplement-210,SUPPLIER B,Breather Inhaler,R 171.00,R 194.94,1,42,,,,,,
Supplement-211,SUPPLIER B,Ozone Healing Gel,R 211.00,R 240.54,10,33,,,,,,
Supplement-216,SUPPLIER B,Honey scrub,R 316.00,R 360.24,6,12,,,,,,
Supplement-218,SUPPLIER B,Coffee scrub,R 202.00,R 230.28,8,16,,,,,,
Supplement-220,SUPPLIER B,Aloe Vera scrub,R 281.00,R 320.34,7,35,,,,,,
Supplement-221,SUPPLIER B,Olive healing gel,R 193.00,R 220.02,4,22,,,,,,
Supplement-239,SUPPLIER B,Stress relief 120's,R 261.00,R 297.54,9,36,,,,,,
Supplement-240,SUPPLIER B,Appetite control chewies 40's,R 144.00,R 164.16,3,37,,,,,,
Supplement-244,SUPPLIER B,Omega 3 Double Strength 60's,R 281.00,R 320.34,7,49,,,,,,
Supplement-3,SUPPLIER C,Skin Formula 60's,R 216.81,R 247.16,1,22,,,,,,
Supplement-7,SUPPLIER C,Krill Oil 30's,R 221.00,R 251.94,1,34,,,,,,
Supplement-10,SUPPLIER C,Anti-Anxiety tables 30's,R 195.86,R 223.28,4,2,,,,,,
Supplement-11,SUPPLIER C,Burnout Support 60's,R 147.85,R 168.55,7,49,,,,,,
Supplement-24,SUPPLIER C,Natural Antibiotics 120's,R 202.31,R 230.63,1,10,,,,,,
Supplement-31,SUPPLIER C,Anti-Cholesterol 60's,R 127.62,R 145.49,3,43,,,,,,
Supplement-37,SUPPLIER C,Natural Probiotic 120's,R 196.54,R 224.06,8,2,,,,,,
Supplement-40,SUPPLIER C,Collagen Complex 60's,R 126.47,R 144.18,10,5,,,,,,
Supplement-47,SUPPLIER C,Anti-inflammatory control 120's,R 247.05,R 281.64,5,10,,,,,,
Supplement-57,SUPPLIER C,Appetite control 60's,R 168.39,R 191.96,4,9,,,,,,
Supplement-58,SUPPLIER C,Women Adult 60's,R 203.46,R 231.94,3,41,,,,,,
Supplement-59,SUPPLIER C,Women Adult 50+ 60's,R 174.00,R 198.36,4,39,,,,,,
Supplement-73,SUPPLIER C,Women Adult 70+ 60's,R 235.77,R 268.78,7,36,,,,,,
Supplement-89,SUPPLIER C,Men Adult 60's,R 274.00,R 312.36,2,19,,,,,,
Supplement-93,SUPPLIER C,Men Adult 50+ 60's,R 229.26,R 261.36,5,36,,,,,,
Supplement-103,SUPPLIER C,Vitamin K2 30's,R 554.60,R 632.24,1,45,,,,,,
Supplement-119,SUPPLIER C,Garcinia Tablets 60's,R 178.44,R 203.42,8,50,,,,,,
Supplement-120,SUPPLIER C,Calmag 120's,R 192.91,R 219.92,3,9,,,,,,
Supplement-126,SUPPLIER C,Chromium 90's,R 233.46,R 266.14,5,12,,,,,,
Supplement-140,SUPPLIER C,Iron Plus 30's,R 178.70,R 203.72,7,24,,,,,,
Supplement-147,SUPPLIER C,Vitamin D3 60's,R 219.58,R 250.32,6,42,,,,,,
Supplement-148,SUPPLIER C,Curcumin 30's,R 188.60,R 215.00,8,32,,,,,,
Supplement-228,SUPPLIER C,Milk Thistle Extract 90's,R 197.16,R 224.76,6,28,,,,,,
Supplement-229,SUPPLIER C,Natural memory support 60's,R 156.20,R 178.07,4,24,,,,,,
Supplement-235,SUPPLIER C,Calmag 120 x 600mg,R 192.89,R 219.89,8,37,,,,,,
Supplement-28,SUPPLIER D,Calcium Glycinate 60's,R 263.00,R 299.82,8,29,,,,,,
Supplement-116,SUPPLIER D,Chromium Polynicotinate 90 x 100mg,R 220.00,R 250.80,4,24,,,,,,
Supplement-133,SUPPLIER D,Curcumin 60s,R 235.00,R 267.90,8,13,,,,,,
Supplement-134,SUPPLIER D,Vitamin C,R 194.00,R 221.16,6,15,,,,,,
Supplement-141,SUPPLIER D,Vitamin Double C,R 207.00,R 235.98,3,7,,,,,,
Supplement-50,SUPPLIER E,Folic Acid 60's,R 268.89,R 306.53,4,49,,,,,,
Supplement-51,SUPPLIER E,Ginkgo Biloba Extract 30 x 200mg,R 134.06,R 152.83,1,15,,,,,,
Supplement-52,SUPPLIER E,Glucose,R 157.58,R 179.64,5,33,,,,,,
Supplement-53,SUPPLIER E,Green tea extract 60's,R 170.05,R 193.86,7,17,,,,,,
Supplement-54,SUPPLIER E,Natural sleep formula 120's,R 225.58,R 257.16,10,16,,,,,,
Supplement-55,SUPPLIER E,Homocysteine lowering support 60's,R 146.56,R 167.08,3,48,,,,,,
Supplement-56,SUPPLIER E,Hormone balance 120's,"R 4,198.00","R 4,785.72",10,15,,,,,,
Supplement-62,SUPPLIER E,Inflammation and pain support 120's,R 342.94,R 390.95,10,34,,,,,,
Supplement-245,SUPPLIER E,Iron Plus 30's,R 288.80,R 329.23,9,40,,,,,,
Supplement-41,SUPPLIER F,Krill Oil Omega 3 60's,R 164.00,R 186.96,6,29,,,,,,
Supplement-12,SUPPLIER G,Cellfood 30ml,R 262.00,R 298.68,1,13,,,,,,
Supplement-13,SUPPLIER G,Women Adult 90's,R 136.00,R 155.04,8,44,,,,,,
Supplement-14,SUPPLIER G,Women 60+ 90's,R 278.13,R 317.07,6,37,,,,,,
Supplement-15,SUPPLIER G,Men Adult 90's,R 330.00,R 376.20,7,37,,,,,,
Supplement-16,SUPPLIER G,Men 60+ 90's,R 245.00,R 279.30,5,25,,,,,,
Supplement-17,SUPPLIER G,Children 120's,R 230.33,R 262.58,8,36,,,,,,
Supplement-61,SUPPLIER G,Women Teens 120's,R 212.00,R 241.68,3,11,,,,,,
Supplement-88,SUPPLIER G,Men Teens 120's,R 306.03,R 348.87,2,17,,,,,,
Supplement-100,SUPPLIER G,Babies 60's,R 127.92,R 145.83,4,25,,,,,,
Supplement-109,SUPPLIER G,Airmune Effervescent,R 193.00,R 220.02,6,3,,,,,,
Supplement-111,SUPPLIER G,Breather Inhaler,123,R 140.22,3,41,,,,,,
Supplement-112,SUPPLIER G,Ozone Healing Gel,"R 2,408.00","R 2,745.12",1,34,,,,,,
Supplement-113,SUPPLIER G,Honey scrub,117,R 133.38,2,13,,,,,,
Supplement-117,SUPPLIER G,Coffee scrub,R 224.50,R 255.93,1,1,,,,,,
Supplement-160,SUPPLIER G,Aloe Vera scrub,R 258.00,R 294.12,2,40,,,,,,
Supplement-162,SUPPLIER G,Olive healing gel,R 240.00,R 273.60,4,32,,,,,,
Supplement-168,SUPPLIER G,Stress relief 120's,R 194.00,R 221.16,5,29,,,,,,
Supplement-188,SUPPLIER G,Appetite control chewies 40's,R 169.00,R 192.66,10,30,,,,,,
Supplement-193,SUPPLIER G,Airmune Effervescent,R 234.00,R 266.76,10,2,,,,,,
Supplement-207,SUPPLIER G,Breather Inhaler,R 552.20,R 629.51,4,1,,,,,,
Supplement-214,SUPPLIER G,Ozone Healing Gel,R 231.00,R 263.34,3,30,,,,,,
Supplement-222,SUPPLIER G,Honey scrub,R 309.00,R 352.26,8,6,,,,,,
Supplement-223,SUPPLIER G,Coffee scrub,R 315.00,R 359.10,9,24,,,,,,
Supplement-224,SUPPLIER G,Aloe Vera scrub,R 272.00,R 310.08,4,47,,,,,,
Supplement-225,SUPPLIER G,Olive healing gel,R 186.50,R 212.61,5,31,,,,,,
Supplement-226,SUPPLIER G,Stress relief 120's,R 132.00,R 150.48,9,36,,,,,,
Supplement-227,SUPPLIER G,Appetite control chewies 40's,R 292.00,R 332.88,10,9,,,,,,
